<?xml version="1.0" encoding="UTF-8"?>
<!DOCTYPE metadata SYSTEM "http://www.fgdc.gov/metadata/fgdc-std-001-1998.dtd">
<metadata>
    <idinfo>
        <citation>
            <citeinfo>
                <origin>MADS</origin>
                <pubdate>2023</pubdate>
                <pubtime>1157</pubtime>
                <title>Carauta</title>
                <edition>8c77c149</edition>
                <geoform>Vector digital data</geoform>
                <serinfo>
                    <sername>1</sername>
                    <issue>No establecida</issue>
                </serinfo>
                <pubinfo>
                    <pubplace>No publicado</pubplace>
                    <publish>Sin informacion</publish>
                </pubinfo>
                <othercit>No information</othercit>
                <onlink>http://www.esri.com/metadata/esriprof80.html</onlink>
            </citeinfo>
        </citation>
        <descript>
            <abstract>Por medio de la cual se precisa el límite de la Reserva Forestal Protectora Nacional de Carauta, declarada mediante Acuerdo No. 0031 del 16 de septiembre de 1975, aprobada por la Resolución Ejecutiva No. 0398 de 1975</abstract>
            <purpose>Precisar el límite de la  Reserva Forestal Protectora Nacional de Carauta de acuerdo con la resolución 2249 de 2017</purpose>
            <supplinf>La información fue suministrada por el Ministerio de Ambiente y Dessarrollo Sostenible mediante la resolución 2249 de 2017 por el cual se precisa el límite de la Reserva Forestal Protectora Nacional de Carauta, declarada mediante Acuerdo No. 0031 del 16 de septiembre de 1975, aprobada por la Resolución Ejecutiva No. 0398 de 1975</supplinf>
        </descript>
        <timeperd>
            <timeinfo>
                <sngdate>
                    <caldate>2023</caldate>
                    <time>1157</time>
                </sngdate>
            </timeinfo>
            <current>2023</current>
        </timeperd>
        <status>
            <progress>Complete</progress>
            <update>No planeada</update>
        </status>
        <spdom>
            <bounding>
                <westbc>-76.422723</westbc>
                <eastbc>-76.221969</eastbc>
                <northbc>6.832031</northbc>
                <southbc>6.592262</southbc>
            </bounding>
        </spdom>
        <keywords>
            <theme>
                <themekt>No especificado</themekt>
                <themekey>RUNAP, Reserva Forestal Protectora Nacional</themekey>
            </theme>
            <place>
                <placekt>No especificado</placekt>
                <placekey>Reserva Forestal Protectora Carauta, el cual se encuentra en la ciudad de Bogotá D.C, en el municipio de Frontino del departamento de Antioquia.</placekey>
            </place>
        </keywords>
        <accconst>La información se puede acceder de manera libre, haciendo la solicitud directamente a la entidad o descargándola desde el Registro Único Nacional de Áreas Protegidas (RUNAP).</accconst>
        <useconst>El usuario se compromete a hacer referencia bibliográfica del origen de esta información.</useconst>
        <ptcontac>
            <cntinfo>
                <cntorgp>
                    <cntorg>MADS</cntorg>
                    <cntper>Ministerio de Ambiente, Vivienda y Desarrollo Territorial</cntper>
                </cntorgp>
                <cntpos>Oficina de las Tecnologías de Información y las Comunicaciones. </cntpos>
                <cntaddr>
                    <addrtype>Física</addrtype>
                    <address>Calle 37 No 8-40</address>
                    <city>BOGOTÁ, D.C.</city>
                    <state>BOGOTÁ, D.C.</state>
                    <postal>110311</postal>
                    <country>Colombia</country>
                </cntaddr>
                <cntvoice>(+57) (1) 3532400</cntvoice>
                <cntfax>(+57) (1) 3532400</cntfax>
                <cntemail>servicioalciudadano@minambiente.gov.co</cntemail>
                <hours>1157</hours>
                <cntinst>Se puede comunicar a los teléfonos de la entidad. Horario de atención de lunes a viernes 8:00 am a 5:00 pm o mediante correo electrónico.</cntinst>
            </cntinfo>
        </ptcontac>
        <datacred>Ministerio de Ambiente y Dessarrollo Sostenible, 2017.</datacred>
        <secinfo>
            <secsys>La información digital no tiene protocolos de seguridad para su manejo luego de ser entregada al usuario.</secsys>
            <secclass>Sin clasificar</secclass>
            <sechandl>La información digital no tiene protocolos de seguridad para su manejo luego de ser entregada al usuario.</sechandl>
        </secinfo>
        <native>Microsoft Windows XP Version 5.1 (Build 2600) Service Pack 3; ESRI ArcCatalog 9.3.0.1770</native>
        <crossref>
            <citeinfo>
                <origin>MADS</origin>
                <pubdate>2023</pubdate>
                <pubtime>1157</pubtime>
                <title>Carauta</title>
                <edition>8c77c149</edition>
                <geoform>map</geoform>
                <serinfo>
                    <sername>1</sername>
                    <issue>No establecida</issue>
                </serinfo>
                <pubinfo>
                    <pubplace>No establecido</pubplace>
                    <publish>No establecido</publish>
                </pubinfo>
                <othercit>Ninguno</othercit>
            </citeinfo>
        </crossref>
    </idinfo>
    <spdoinfo>
        <direct>Vector</direct>
        <ptvctinf>
            <sdtsterm>
                <sdtstype>G-polygon</sdtstype>
                <ptvctcnt>1</ptvctcnt>
            </sdtsterm>
        </ptvctinf>
    </spdoinfo>
    <spref>
        <horizsys>
            <planar>
                <mapproj>
                    <mapprojn>Transverse Mercator</mapprojn>
                    <transmer>
                        <sfctrmer>1.000000</sfctrmer>
                        <longcm>-74.077508</longcm>
                        <latprjo>4.596200</latprjo>
                        <feast>1000000.000000</feast>
                        <fnorth>1000000.000000</fnorth>
                    </transmer>
                </mapproj>
                <planci>
                    <plance>coordinate pair</plance>
                    <coordrep>
                        <absres>0.000001</absres>
                        <ordres>0.000001</ordres>
                    </coordrep>
                    <plandu>meters</plandu>
                </planci>
            </planar>
            <geodetic>
                <horizdn>Magna - Sirgas</horizdn>
                <ellips>GRS 80</ellips>
                <semiaxis>6378137.000000</semiaxis>
                <denflat>298.257222</denflat>
            </geodetic>
        </horizsys>
    </spref>
    <distinfo>
        <distrib>
            <cntinfo>
                <cntorgp>
                    <cntorg>MADS</cntorg>
                    <cntper>Ministerio de Ambiente, Vivienda y Desarrollo Territorial</cntper>
                </cntorgp>
                <cntpos>Oficina de las Tecnologías de Información y las Comunicaciones. </cntpos>
                <cntaddr>
                    <addrtype>Física</addrtype>
                    <address>Calle 37 No 8-40</address>
                    <city>BOGOTÁ, D.C.</city>
                    <state>BOGOTÁ, D.C.</state>
                    <postal>110311</postal>
                    <country>Colombia</country>
                </cntaddr>
                <cntvoice>(+57) (1) 3532400</cntvoice>
                <cntfax>(+57) (1) 3532400</cntfax>
                <cntemail>servicioalciudadano@minambiente.gov.co</cntemail>
                <hours>1157</hours>
                <cntinst>Se puede comunicar a los teléfonos de la entidad. Horario de atención de lunes a viernes 8:00 am a 5:00 pm o mediante correo electrónico.</cntinst>
            </cntinfo>
        </distrib>
        <resdesc>resdesc</resdesc>
        <distliab>El usuario se compromete a  hacer referencia bibliografica del origen de la informacion utilizada y a no generar modificaciones a la informacion entregada.</distliab>
        <stdorder>
            <digform>
                <digtinfo>
                    <formname>Archivo en formato Shapefile que contiene las siguientes extensiones: shp, dbf, shx, prj, sbn, sbx.</formname>
                    <formvern>1</formvern>
                    <formspec>No information</formspec>
                    <formcont>No information</formcont>
                    <filedec>no compression applied</filedec>
                    <transize>0.206</transize>
                </digtinfo>    
                <digtopt>
                    <onlinopt>
                        <computer>
                            <networka>
                                <networkr>http://runap.parquesnacionales.gov.co</networkr>
                            </networka>
                        </computer>
                        <accinstr>Solicitar acceso</accinstr>
                        <oncomp>No information</oncomp>
                    </onlinopt>
                </digtopt>
            </digform>
            <fees>0</fees>
            <ordering>No information</ordering>
            <turnarnd>No information</turnarnd>
        </stdorder>
        <custom>La información se puede acceder de manera libre, previa solucitud por escrito o vía correo electrónico a la Entidad.</custom>
        <techpreq>Software GIS, Sistema de Referencia MAGNA-SIRGAS (Coordenadas grados decimales).</techpreq>
        <availabl>
            <timeinfo>
                <sngdate>
                    <caldate>2017</caldate>
                    <time>1157</time>
                </sngdate>
            </timeinfo>
        </availabl>
    </distinfo>
    <metainfo>
        <metd>20171031</metd>
        <metrd>20171031</metrd>
        <metfrd>20171031</metfrd>
        <metc>
            <cntinfo>
                <cntorgp>
                    <cntorg>MADS</cntorg>
                    <cntper>Ministerio de Ambiente, Vivienda y Desarrollo Territorial</cntper>
                </cntorgp>
                <cntpos>Oficina de las Tecnologías de Información y las Comunicaciones. </cntpos>
                <cntaddr>
                    <addrtype>Física</addrtype>
                    <city>BOGOTÁ, D.C.</city>
                    <state>BOGOTÁ, D.C.</state>
                    <postal>110311</postal>
                </cntaddr>
                <cntvoice>(+57) (1) 3532400</cntvoice>
                <cntemail>servicioalciudadano@minambiente.gov.co</cntemail>
                <hours>1157</hours>
                <cntinst>Se puede comunicar a los teléfonos de la entidad. Horario de atención de lunes a viernes 8:00 am a 5:00 pm o mediante correo electrónico.</cntinst>
            </cntinfo>
        </metc>
        <metstdn>FGDC Content Standards for Digital Geospatial Metadata</metstdn>
        <metstdv>FGDC-STD-001-1998</metstdv>
        <mettc>local time</mettc>
        <metac>No information</metac>
        <metuc>No information</metuc>
        <metsi>
            <metscs>No information</metscs>
            <metsc>Unclassified</metsc>
            <metshd>No information</metshd>
        </metsi>
        <metextns>
            <onlink>http://www.esri.com/metadata/esriprof80.html</onlink>
            <metprof>ESRI Metadata Profile</metprof>
        </metextns>
    </metainfo>
</metadata>
