<metadata xml:lang="en"><Esri><CreaDate>20210423</CreaDate><CreaTime>16411500</CreaTime><ArcGISFormat>1.0</ArcGISFormat><SyncOnce>FALSE</SyncOnce><DataProperties><lineage><Process ToolSource="c:\program files\arcgis\pro\Resources\ArcToolbox\toolboxes\Data Management Tools.tbx\Append" Date="20210423" Time="164115">Append Humedales_RAMSAR_Agosto_2018 "D:\Users\sigsiac.tic\Documents\ArcGIS\Projects\GDB_creation\MADS_CARTOGRAFIA (3).sde\prod_sig_mads.mads_cartografia.Ecosistemas_Estrategicos_Figuras_Distincion\prod_sig_mads.mads_cartografia.RAMSAR" "Use the field map to reconcile field differences" "id "id" true true false 9 Text 0 0,First,#,Humedales_RAMSAR_Agosto_2018,Id,0,9;nombre "nombre" true true false 100 Text 0 0,First,#,Humedales_RAMSAR_Agosto_2018,Nombre,0,100;acto_admin "acto_admin" true true false 100 Text 0 0,First,#,Humedales_RAMSAR_Agosto_2018,Acto_Admin,0,100;fecha_acto "fecha_acto" true true false 8 Date 0 0,First,#,Humedales_RAMSAR_Agosto_2018,Fecha_Acto,-1,-1;escala "escala" true true false 30 Text 0 0,First,#,Humedales_RAMSAR_Agosto_2018,Escala,0,30;estado_proceso "estado_proceso" true true false 50 Text 0 0,First,#,Humedales_RAMSAR_Agosto_2018,Estado_Pro,0,50;area_ha "area_ha" true true false 8 Double 6 38,First,#,Humedales_RAMSAR_Agosto_2018,Area_Ha,-1,-1;fecha_ingreso "fecha_ingreso" true true false 8 Date 0 0,First,#,Humedales_RAMSAR_Agosto_2018,Fecha_Ingr,-1,-1;fecha_recoleccion "fecha_recoleccion" true true false 8 Date 0 0,First,#,Humedales_RAMSAR_Agosto_2018,Fecha_Reco,-1,-1" # #</Process><Process ToolSource="c:\program files\arcgis\pro\Resources\ArcToolbox\toolboxes\Conversion Tools.tbx\ExportFeatures" Date="20240731" Time="201428">ExportFeatures "D:\Users\fardila\Documents\ArcGIS\Projects\Conexion BD Geografica\mads_cartografia@produccion.sde\prod_sig_mads.mads_cartografia.Ecosistemas_Estrategicos_Figuras_Distincion\prod_sig_mads.mads_cartografia.RAMSAR" "D:\Users\fardila\Documents\ArcGIS\Projects\Conexion BD Geografica\Shapefiles\HUMEDALES_RAMSAR\HUMEDALES_RAMSAR.shp" # NOT_USE_ALIAS "id "id" true true false 9 Text 0 0,First,#,D:\Users\fardila\Documents\ArcGIS\Projects\Conexion BD Geografica\mads_cartografia@produccion.sde\prod_sig_mads.mads_cartografia.Ecosistemas_Estrategicos_Figuras_Distincion\prod_sig_mads.mads_cartografia.RAMSAR,id,0,8;nombre "nombre" true true false 100 Text 0 0,First,#,D:\Users\fardila\Documents\ArcGIS\Projects\Conexion BD Geografica\mads_cartografia@produccion.sde\prod_sig_mads.mads_cartografia.Ecosistemas_Estrategicos_Figuras_Distincion\prod_sig_mads.mads_cartografia.RAMSAR,nombre,0,99;acto_admin "acto_admin" true true false 100 Text 0 0,First,#,D:\Users\fardila\Documents\ArcGIS\Projects\Conexion BD Geografica\mads_cartografia@produccion.sde\prod_sig_mads.mads_cartografia.Ecosistemas_Estrategicos_Figuras_Distincion\prod_sig_mads.mads_cartografia.RAMSAR,acto_admin,0,99;fecha_acto "fecha_acto" true true false 8 Date 0 0,First,#,D:\Users\fardila\Documents\ArcGIS\Projects\Conexion BD Geografica\mads_cartografia@produccion.sde\prod_sig_mads.mads_cartografia.Ecosistemas_Estrategicos_Figuras_Distincion\prod_sig_mads.mads_cartografia.RAMSAR,fecha_acto,-1,-1;escala "escala" true true false 30 Text 0 0,First,#,D:\Users\fardila\Documents\ArcGIS\Projects\Conexion BD Geografica\mads_cartografia@produccion.sde\prod_sig_mads.mads_cartografia.Ecosistemas_Estrategicos_Figuras_Distincion\prod_sig_mads.mads_cartografia.RAMSAR,escala,0,29;estado_proceso "estado_proceso" true true false 50 Text 0 0,First,#,D:\Users\fardila\Documents\ArcGIS\Projects\Conexion BD Geografica\mads_cartografia@produccion.sde\prod_sig_mads.mads_cartografia.Ecosistemas_Estrategicos_Figuras_Distincion\prod_sig_mads.mads_cartografia.RAMSAR,estado_proceso,0,49;area_ha "area_ha" true true false 8 Double 6 38,First,#,D:\Users\fardila\Documents\ArcGIS\Projects\Conexion BD Geografica\mads_cartografia@produccion.sde\prod_sig_mads.mads_cartografia.Ecosistemas_Estrategicos_Figuras_Distincion\prod_sig_mads.mads_cartografia.RAMSAR,area_ha,-1,-1;fecha_ingreso "fecha_ingreso" true true false 8 Date 0 0,First,#,D:\Users\fardila\Documents\ArcGIS\Projects\Conexion BD Geografica\mads_cartografia@produccion.sde\prod_sig_mads.mads_cartografia.Ecosistemas_Estrategicos_Figuras_Distincion\prod_sig_mads.mads_cartografia.RAMSAR,fecha_ingreso,-1,-1;fecha_recoleccion "fecha_recoleccion" true true false 8 Date 0 0,First,#,D:\Users\fardila\Documents\ArcGIS\Projects\Conexion BD Geografica\mads_cartografia@produccion.sde\prod_sig_mads.mads_cartografia.Ecosistemas_Estrategicos_Figuras_Distincion\prod_sig_mads.mads_cartografia.RAMSAR,fecha_recoleccion,-1,-1;globalid "globalid" false false true 38 Text 0 0,First,#,D:\Users\fardila\Documents\ArcGIS\Projects\Conexion BD Geografica\mads_cartografia@produccion.sde\prod_sig_mads.mads_cartografia.Ecosistemas_Estrategicos_Figuras_Distincion\prod_sig_mads.mads_cartografia.RAMSAR,globalid,-1,-1;st_area(shape) "st_area(shape)" false true true 0 Double 0 0,First,#,D:\Users\fardila\Documents\ArcGIS\Projects\Conexion BD Geografica\mads_cartografia@produccion.sde\prod_sig_mads.mads_cartografia.Ecosistemas_Estrategicos_Figuras_Distincion\prod_sig_mads.mads_cartografia.RAMSAR,st_area(shape),-1,-1;st_perimeter(shape) "st_perimeter(shape)" false true true 0 Double 0 0,First,#,D:\Users\fardila\Documents\ArcGIS\Projects\Conexion BD Geografica\mads_cartografia@produccion.sde\prod_sig_mads.mads_cartografia.Ecosistemas_Estrategicos_Figuras_Distincion\prod_sig_mads.mads_cartografia.RAMSAR,st_perimeter(shape),-1,-1" #</Process></lineage><itemProps><itemName Sync="TRUE">HUMEDALES_RAMSAR</itemName><imsContentType Sync="TRUE">002</imsContentType><itemSize Sync="TRUE">0.000</itemSize><itemLocation><linkage Sync="TRUE">file://\\WSAMZN-06CJMRQG\D$\Users\fardila\Documents\ArcGIS\Projects\Conexion BD Geografica\Shapefiles\HUMEDALES_RAMSAR\HUMEDALES_RAMSAR.shp</linkage><protocol Sync="TRUE">Local Area Network</protocol></itemLocation></itemProps><coordRef><type Sync="TRUE">Geographic</type><geogcsn Sync="TRUE">GCS_MAGNA</geogcsn><csUnits Sync="TRUE">Angular Unit: Degree (0.017453)</csUnits><peXml Sync="TRUE">&lt;GeographicCoordinateSystem xsi:type='typens:GeographicCoordinateSystem' xmlns:xsi='http://www.w3.org/2001/XMLSchema-instance' xmlns:xs='http://www.w3.org/2001/XMLSchema' xmlns:typens='http://www.esri.com/schemas/ArcGIS/3.2.0'&gt;&lt;WKT&gt;GEOGCS[&amp;quot;GCS_MAGNA&amp;quot;,DATUM[&amp;quot;D_MAGNA&amp;quot;,SPHEROID[&amp;quot;GRS_1980&amp;quot;,6378137.0,298.257222101]],PRIMEM[&amp;quot;Greenwich&amp;quot;,0.0],UNIT[&amp;quot;Degree&amp;quot;,0.0174532925199433],AUTHORITY[&amp;quot;EPSG&amp;quot;,4686]]&lt;/WKT&gt;&lt;XOrigin&gt;-400&lt;/XOrigin&gt;&lt;YOrigin&gt;-400&lt;/YOrigin&gt;&lt;XYScale&gt;11258999068426.238&lt;/XYScale&gt;&lt;ZOrigin&gt;-100000&lt;/ZOrigin&gt;&lt;ZScale&gt;10000&lt;/ZScale&gt;&lt;MOrigin&gt;-100000&lt;/MOrigin&gt;&lt;MScale&gt;10000&lt;/MScale&gt;&lt;XYTolerance&gt;8.983152841195215e-09&lt;/XYTolerance&gt;&lt;ZTolerance&gt;0.001&lt;/ZTolerance&gt;&lt;MTolerance&gt;0.001&lt;/MTolerance&gt;&lt;HighPrecision&gt;true&lt;/HighPrecision&gt;&lt;LeftLongitude&gt;-180&lt;/LeftLongitude&gt;&lt;WKID&gt;4686&lt;/WKID&gt;&lt;LatestWKID&gt;4686&lt;/LatestWKID&gt;&lt;/GeographicCoordinateSystem&gt;</peXml></coordRef><LayerFile>{"type":"CIMLayerDocument","version":"2.7.0","build":26828,"layers":["CIMPATH=map/prod_sig_mads_mads_cartografia_ramsar.xml"],"layerDefinitions":[{"type":"CIMFeatureLayer","name":"prod_sig_mads.mads_cartografia.RAMSAR","uRI":"CIMPATH=map/prod_sig_mads_mads_cartografia_ramsar.xml","sourceModifiedTime":{"type":"TimeInstant"},"useSourceMetadata":true,"description":"prod_sig_mads.mads_cartografia.RAMSAR","layerElevation":{"type":"CIMLayerElevationSurface","mapElevationID":"{B98629CB-5791-4E1B-BE04-01BAB830F1FF}"},"expanded":true,"layerType":"Operational","showLegends":true,"visibility":true,"displayCacheType":"Permanent","maxDisplayCacheAge":5,"showPopups":true,"serviceLayerID":-1,"refreshRate":-1,"refreshRateUnit":"esriTimeUnitsSeconds","blendingMode":"Alpha","autoGenerateFeatureTemplates":true,"featureElevationExpression":"0","featureTable":{"type":"CIMFeatureTable","displayField":"id","editable":true,"dataConnection":{"type":"CIMFeatureDatasetDataConnection"},"studyAreaSpatialRel":"esriSpatialRelUndefined","searchOrder":"esriSearchOrderSpatial"},"htmlPopupEnabled":true,"selectable":true,"featureCacheType":"Session","displayFiltersType":"ByScale","featureBlendingMode":"Alpha","labelClasses":[{"type":"CIMLabelClass","expressionTitle":"Custom","expression":"$feature.Id","expressionEngine":"Arcade","featuresToLabel":"AllVisibleFeatures","maplexLabelPlacementProperties":{"type":"CIMMaplexLabelPlacementProperties","featureType":"Polygon","avoidPolygonHoles":true,"canOverrunFeature":true,"canPlaceLabelOutsidePolygon":true,"canRemoveOverlappingLabel":true,"canStackLabel":true,"connectionType":"Unambiguous","constrainOffset":"NoConstraint","contourAlignmentType":"Page","contourLadderType":"Straight","contourMaximumAngle":90,"enableConnection":true,"featureWeight":0,"fontHeightReductionLimit":4,"fontHeightReductionStep":0.5,"fontWidthReductionLimit":90,"fontWidthReductionStep":5,"graticuleAlignmentType":"Straight","keyNumberGroupName":"Default","labelBuffer":15,"labelLargestPolygon":true,"labelPriority":-1,"labelStackingProperties":{"type":"CIMMaplexLabelStackingProperties","stackAlignment":"ChooseBest","maximumNumberOfLines":3,"minimumNumberOfCharsPerLine":3,"maximumNumberOfCharsPerLine":24,"separators":[{"type":"CIMMaplexStackingSeparator","separator":" ","splitAfter":true},{"type":"CIMMaplexStackingSeparator","separator":",","visible":true,"splitAfter":true}]},"lineFeatureType":"General","linePlacementMethod":"OffsetCurvedFromLine","maximumLabelOverrun":80,"maximumLabelOverrunUnit":"Point","minimumFeatureSizeUnit":"Map","multiPartOption":"OneLabelPerPart","offsetAlongLineProperties":{"type":"CIMMaplexOffsetAlongLineProperties","placementMethod":"BestPositionAlongLine","labelAnchorPoint":"CenterOfLabel","distanceUnit":"Percentage","useLineDirection":true},"pointExternalZonePriorities":{"type":"CIMMaplexExternalZonePriorities","aboveLeft":4,"aboveCenter":2,"aboveRight":1,"centerRight":3,"belowRight":5,"belowCenter":7,"belowLeft":8,"centerLeft":6},"pointPlacementMethod":"AroundPoint","polygonAnchorPointType":"GeometricCenter","polygonBoundaryWeight":0,"polygonExternalZones":{"type":"CIMMaplexExternalZonePriorities","aboveLeft":4,"aboveCenter":2,"aboveRight":1,"centerRight":3,"belowRight":5,"belowCenter":7,"belowLeft":8,"centerLeft":6},"polygonFeatureType":"General","polygonInternalZones":{"type":"CIMMaplexInternalZonePriorities","center":1},"polygonPlacementMethod":"HorizontalInPolygon","primaryOffset":1,"primaryOffsetUnit":"Point","removeExtraWhiteSpace":true,"repetitionIntervalUnit":"Point","rotationProperties":{"type":"CIMMaplexRotationProperties","rotationType":"Arithmetic","alignmentType":"Straight"},"secondaryOffset":100,"strategyPriorities":{"type":"CIMMaplexStrategyPriorities","stacking":1,"overrun":2,"fontCompression":3,"fontReduction":4,"abbreviation":5},"thinningDistanceUnit":"Point","truncationMarkerCharacter":".","truncationMinimumLength":1,"truncationPreferredCharacters":"aeiou","truncationExcludedCharacters":"0123456789","polygonAnchorPointPerimeterInsetUnit":"Point"},"name":"Class 1","priority":-1,"standardLabelPlacementProperties":{"type":"CIMStandardLabelPlacementProperties","featureType":"Line","featureWeight":"None","labelWeight":"High","numLabelsOption":"OneLabelPerName","lineLabelPosition":{"type":"CIMStandardLineLabelPosition","above":true,"inLine":true,"parallel":true},"lineLabelPriorities":{"type":"CIMStandardLineLabelPriorities","aboveStart":3,"aboveAlong":3,"aboveEnd":3,"centerStart":3,"centerAlong":3,"centerEnd":3,"belowStart":3,"belowAlong":3,"belowEnd":3},"pointPlacementMethod":"AroundPoint","pointPlacementPriorities":{"type":"CIMStandardPointPlacementPriorities","aboveLeft":2,"aboveCenter":2,"aboveRight":1,"centerLeft":3,"centerRight":2,"belowLeft":3,"belowCenter":3,"belowRight":2},"rotationType":"Arithmetic","polygonPlacementMethod":"AlwaysHorizontal"},"textSymbol":{"type":"CIMSymbolReference","symbol":{"type":"CIMTextSymbol","blockProgression":"TTB","depth3D":1,"extrapolateBaselines":true,"fontEffects":"Normal","fontEncoding":"Unicode","fontFamilyName":"Tahoma","fontStyleName":"Regular","fontType":"Unspecified","haloSize":1,"height":10,"hinting":"Default","horizontalAlignment":"Left","kerning":true,"letterWidth":100,"ligatures":true,"lineGapType":"ExtraLeading","symbol":{"type":"CIMPolygonSymbol","symbolLayers":[{"type":"CIMSolidFill","enable":true,"color":{"type":"CIMRGBColor","values":[0,0,0,100]}}]},"textCase":"Normal","textDirection":"LTR","verticalAlignment":"Bottom","verticalGlyphOrientation":"Right","wordSpacing":100,"billboardMode3D":"FaceNearPlane"}},"useCodedValue":true,"visibility":true,"iD":-1}],"renderer":{"type":"CIMSimpleRenderer","patch":"Default","symbol":{"type":"CIMSymbolReference","symbol":{"type":"CIMPolygonSymbol","symbolLayers":[{"type":"CIMSolidStroke","enable":true,"capStyle":"Round","joinStyle":"Round","lineStyle3D":"Strip","miterLimit":10,"width":0.69999999999999996,"color":{"type":"CIMRGBColor","values":[110,110,110,100]}},{"type":"CIMSolidFill","enable":true,"color":{"type":"CIMRGBColor","values":[207.009999999999991,219.88,252.449999999999989,100]}}]}}},"scaleSymbols":true,"snappable":true}]}</LayerFile></DataProperties><SyncDate>20240731</SyncDate><SyncTime>20142800</SyncTime><ModDate>20240731</ModDate><ModTime>20142800</ModTime></Esri><dataIdInfo><envirDesc Sync="TRUE">Microsoft Windows Server 2016 Technical Preview Version 10.0 (Build 17763) ; Esri ArcGIS 13.2.2.49743</envirDesc><dataLang><languageCode value="eng" Sync="TRUE"></languageCode><countryCode value="USA" Sync="TRUE"></countryCode></dataLang><idCitation><resTitle Sync="TRUE">HUMEDALES_RAMSAR</resTitle><presForm><PresFormCd value="005" Sync="TRUE"></PresFormCd></presForm></idCitation><spatRpType><SpatRepTypCd value="001" Sync="TRUE"></SpatRepTypCd></spatRpType></dataIdInfo><mdLang><languageCode value="eng" Sync="TRUE"></languageCode><countryCode value="USA" Sync="TRUE"></countryCode></mdLang><distInfo><distFormat><formatName Sync="TRUE">Shapefile</formatName></distFormat><distTranOps><transSize Sync="TRUE">0.000</transSize></distTranOps></distInfo><mdHrLv><ScopeCd value="005" Sync="TRUE"></ScopeCd></mdHrLv><mdHrLvName Sync="TRUE">dataset</mdHrLvName><refSysInfo><RefSystem><refSysID><identCode code="4686" Sync="TRUE"></identCode><idCodeSpace Sync="TRUE">EPSG</idCodeSpace><idVersion Sync="TRUE">6.14(9.2.0)</idVersion></refSysID></RefSystem></refSysInfo><spatRepInfo><VectSpatRep><geometObjs Name="HUMEDALES_RAMSAR"><geoObjTyp><GeoObjTypCd value="002" Sync="TRUE"></GeoObjTypCd></geoObjTyp><geoObjCnt Sync="TRUE">0</geoObjCnt></geometObjs><topLvl><TopoLevCd value="001" Sync="TRUE"></TopoLevCd></topLvl></VectSpatRep></spatRepInfo><spdoinfo><ptvctinf><esriterm Name="HUMEDALES_RAMSAR"><efeatyp Sync="TRUE">Simple</efeatyp><efeageom code="4" Sync="TRUE"></efeageom><esritopo Sync="TRUE">FALSE</esritopo><efeacnt Sync="TRUE">0</efeacnt><spindex Sync="TRUE">FALSE</spindex><linrefer Sync="TRUE">FALSE</linrefer></esriterm></ptvctinf></spdoinfo><eainfo><detailed Name="HUMEDALES_RAMSAR"><enttyp><enttypl Sync="TRUE">HUMEDALES_RAMSAR</enttypl><enttypt Sync="TRUE">Feature Class</enttypt><enttypc Sync="TRUE">0</enttypc></enttyp><attr><attrlabl Sync="TRUE">FID</attrlabl><attalias Sync="TRUE">FID</attalias><attrtype Sync="TRUE">OID</attrtype><attwidth Sync="TRUE">4</attwidth><atprecis Sync="TRUE">0</atprecis><attscale Sync="TRUE">0</attscale><attrdef Sync="TRUE">Internal feature number.</attrdef><attrdefs Sync="TRUE">Esri</attrdefs><attrdomv><udom Sync="TRUE">Sequential unique whole numbers that are automatically generated.</udom></attrdomv></attr><attr><attrlabl Sync="TRUE">Shape</attrlabl><attalias Sync="TRUE">Shape</attalias><attrtype Sync="TRUE">Geometry</attrtype><attwidth Sync="TRUE">0</attwidth><atprecis Sync="TRUE">0</atprecis><attscale Sync="TRUE">0</attscale><attrdef Sync="TRUE">Feature geometry.</attrdef><attrdefs Sync="TRUE">Esri</attrdefs><attrdomv><udom Sync="TRUE">Coordinates defining the features.</udom></attrdomv></attr><attr><attrlabl Sync="TRUE">id</attrlabl><attalias Sync="TRUE">id</attalias><attrtype Sync="TRUE">String</attrtype><attwidth Sync="TRUE">9</attwidth><atprecis Sync="TRUE">0</atprecis><attscale Sync="TRUE">0</attscale></attr><attr><attrlabl Sync="TRUE">nombre</attrlabl><attalias Sync="TRUE">nombre</attalias><attrtype Sync="TRUE">String</attrtype><attwidth Sync="TRUE">100</attwidth><atprecis Sync="TRUE">0</atprecis><attscale Sync="TRUE">0</attscale></attr><attr><attrlabl Sync="TRUE">acto_admin</attrlabl><attalias Sync="TRUE">acto_admin</attalias><attrtype Sync="TRUE">String</attrtype><attwidth Sync="TRUE">100</attwidth><atprecis Sync="TRUE">0</atprecis><attscale Sync="TRUE">0</attscale></attr><attr><attrlabl Sync="TRUE">fecha_acto</attrlabl><attalias Sync="TRUE">fecha_acto</attalias><attrtype Sync="TRUE">Date</attrtype><attwidth Sync="TRUE">8</attwidth><atprecis Sync="TRUE">0</atprecis><attscale Sync="TRUE">0</attscale></attr><attr><attrlabl Sync="TRUE">escala</attrlabl><attalias Sync="TRUE">escala</attalias><attrtype Sync="TRUE">String</attrtype><attwidth Sync="TRUE">30</attwidth><atprecis Sync="TRUE">0</atprecis><attscale Sync="TRUE">0</attscale></attr><attr><attrlabl Sync="TRUE">estado_pro</attrlabl><attalias Sync="TRUE">estado_pro</attalias><attrtype Sync="TRUE">String</attrtype><attwidth Sync="TRUE">50</attwidth><atprecis Sync="TRUE">0</atprecis><attscale Sync="TRUE">0</attscale></attr><attr><attrlabl Sync="TRUE">area_ha</attrlabl><attalias Sync="TRUE">area_ha</attalias><attrtype Sync="TRUE">Double</attrtype><attwidth Sync="TRUE">19</attwidth><atprecis Sync="TRUE">18</atprecis><attscale Sync="TRUE">6</attscale></attr><attr><attrlabl Sync="TRUE">fecha_ingr</attrlabl><attalias Sync="TRUE">fecha_ingr</attalias><attrtype Sync="TRUE">Date</attrtype><attwidth Sync="TRUE">8</attwidth><atprecis Sync="TRUE">0</atprecis><attscale Sync="TRUE">0</attscale></attr><attr><attrlabl Sync="TRUE">fecha_reco</attrlabl><attalias Sync="TRUE">fecha_reco</attalias><attrtype Sync="TRUE">Date</attrtype><attwidth Sync="TRUE">8</attwidth><atprecis Sync="TRUE">0</atprecis><attscale Sync="TRUE">0</attscale></attr><attr><attrlabl Sync="TRUE">globalid</attrlabl><attalias Sync="TRUE">globalid</attalias><attrtype Sync="TRUE">String</attrtype><attwidth Sync="TRUE">38</attwidth><atprecis Sync="TRUE">0</atprecis><attscale Sync="TRUE">0</attscale></attr><attr><attrlabl Sync="TRUE">st_area_sh</attrlabl><attalias Sync="TRUE">st_area_sh</attalias><attrtype Sync="TRUE">Double</attrtype><attwidth Sync="TRUE">19</attwidth><atprecis Sync="TRUE">0</atprecis><attscale Sync="TRUE">0</attscale></attr><attr><attrlabl Sync="TRUE">st_perimet</attrlabl><attalias Sync="TRUE">st_perimet</attalias><attrtype Sync="TRUE">Double</attrtype><attwidth Sync="TRUE">19</attwidth><atprecis Sync="TRUE">0</atprecis><attscale Sync="TRUE">0</attscale></attr></detailed></eainfo><mdDateSt Sync="TRUE">20240731</mdDateSt></metadata>
